datum,oib,primatelj,mjesto,iznos,valuta,opis,pozivNaBroj,iban,sifraPK,nazivPK,tipOsobe,isplateUuid,brojUgovora,konto_sifra,konto_naziv,konto_iznos
2026-04-16 00:00:00.0,14506572540,LIBUSOFT CICOM D.O.O.,Zagreb-Novi Zagreb,22473.70,EUR,,HR99,,,,P,7121daf0-9099-4e6a-ace2-44a134a0fec4,,3238,Računalne usluge,22473.7
2026-04-02 00:00:00.0,14506572540,LIBUSOFT CICOM D.O.O.,Zagreb-Novi Zagreb,375.00,EUR,,HR99,,,,P,fba9307f-3362-4b62-84e9-1959f0645649,,3234,Komunalne usluge,375
2026-04-02 00:00:00.0,14506572540,LIBUSOFT CICOM D.O.O.,Zagreb-Novi Zagreb,375.00,EUR,,HR99,,,,P,add1a3ee-aa17-4f9b-9ff8-33ef8d18f313,,3234,Komunalne usluge,375
2026-04-02 00:00:00.0,14506572540,LIBUSOFT CICOM D.O.O.,Zagreb-Novi Zagreb,181256.25,EUR,,HR99,,,,P,1e9d3224-168e-4c87-9b1d-478a08d89bd1,,3238,Računalne usluge,181256.25
2026-04-02 00:00:00.0,14506572540,LIBUSOFT CICOM D.O.O.,Zagreb-Novi Zagreb,3300.00,EUR,,HR99,,,,P,bcc1c0ba-59eb-424f-ac6e-49d37b4982fb,,3238,Računalne usluge,3300
2026-03-13 00:00:00.0,14506572540,LIBUSOFT CICOM D.O.O.,Zagreb-Novi Zagreb,375.00,EUR,,HR99,,,,P,45894682-632c-4449-b6aa-145ee797228a,,3234,Komunalne usluge,375
2026-01-30 00:00:00.0,14506572540,LIBUSOFT CICOM D.O.O.,Zagreb-Novi Zagreb,22473.70,EUR,,HR99,,,,P,7ce89922-f954-43c9-a7f3-b2eef6c18902,,3238,Računalne usluge,22473.7
2026-01-30 00:00:00.0,14506572540,LIBUSOFT CICOM D.O.O.,Zagreb-Novi Zagreb,375.00,EUR,,HR99,,,,P,082795ad-8dbb-4802-b45c-0d7ed3d2e807,,3234,Komunalne usluge,375
2026-01-07 00:00:00.0,14506572540,LIBUSOFT CICOM D.O.O.,Zagreb-Novi Zagreb,375.00,EUR,,HR99,,,,P,e9d06d68-6c72-4d96-b98c-bbe49f60301c,,3234,Komunalne usluge,375
2026-01-02 00:00:00.0,14506572540,LIBUSOFT CICOM D.O.O.,Zagreb-Novi Zagreb,22473.70,EUR,,HR99,,,,P,e77fb73d-2c4a-4943-839d-f0ab004e6bbb,,3238,Računalne usluge,22473.7
2025-12-12 00:00:00.0,14506572540,LIBUSOFT CICOM D.O.O.,Zagreb-Novi Zagreb,22435.95,EUR,,HR99,,,,P,71bfb21b-1d90-4c68-be14-d55dbc6bd931,,3238,Računalne usluge,22435.95
2025-12-12 00:00:00.0,14506572540,LIBUSOFT CICOM D.O.O.,Zagreb-Novi Zagreb,77681.25,EUR,,HR99,,,,P,0f5a3e27-7abf-4aba-afca-f4ecab09e016,,3238,Računalne usluge,77681.25
2025-11-28 00:00:00.0,14506572540,LIBUSOFT CICOM D.O.O.,Zagreb-Novi Zagreb,375.00,EUR,,HR99,,,,P,78122e78-243a-4471-b1e5-74fa8d3dfb51,,3234,Komunalne usluge,375
2025-11-19 00:00:00.0,14506572540,LIBUSOFT CICOM D.O.O.,Zagreb-Novi Zagreb,37.75,EUR,,HR99,,,,P,816b657a-85da-4361-9303-92ab39311fb9,,3238,Računalne usluge,37.75
2025-11-12 00:00:00.0,14506572540,LIBUSOFT CICOM D.O.O.,Zagreb-Novi Zagreb,22473.70,EUR,,HR99,,,,P,88ecdc03-3907-47db-bb9d-39333069f53f,,3238,Računalne usluge,22473.7
2025-11-07 00:00:00.0,14506572540,LIBUSOFT CICOM D.O.O.,Zagreb-Novi Zagreb,22473.70,EUR,,HR99,,,,P,781bfd04-4bd8-4e26-adbe-28748bcf7a13,,3238,Računalne usluge,22473.7
2025-10-30 00:00:00.0,14506572540,LIBUSOFT CICOM D.O.O.,Zagreb-Novi Zagreb,375.00,EUR,,HR99,,,,P,d03925bd-aaf9-4334-8834-2f2def37f85b,,3234,Komunalne usluge,375
2025-10-13 00:00:00.0,14506572540,LIBUSOFT CICOM D.O.O.,Zagreb-Novi Zagreb,22473.70,EUR,,HR99,,,,P,2bb6dad3-4f67-4282-a31c-4ee16c80047e,,3237,Intelektualne i osobne usluge,22473.7
2025-09-30 00:00:00.0,14506572540,LIBUSOFT CICOM D.O.O.,Zagreb-Novi Zagreb,375.00,EUR,,HR99,,,,P,44c4052f-0db3-4377-8461-d26ce3f9eef4,,3234,Komunalne usluge,375
2025-08-28 00:00:00.0,14506572540,LIBUSOFT CICOM D.O.O.,Zagreb-Novi Zagreb,375.00,EUR,,HR99,,,,P,6e1d5b5c-ddc6-4c75-b4b6-d659a983a114,,3234,Komunalne usluge,375
2025-07-30 00:00:00.0,14506572540,LIBUSOFT CICOM D.O.O.,Zagreb-Novi Zagreb,375.00,EUR,,HR99,,,,P,aa396a15-f8b9-4ed1-a2f1-981a80f0f1e0,,3234,Komunalne usluge,375
2025-07-30 00:00:00.0,14506572540,LIBUSOFT CICOM D.O.O.,Zagreb-Novi Zagreb,22435.95,EUR,,HR99,,,,P,4f9f7336-7dec-4f9e-a5f1-43e9d257918e,,3238,Računalne usluge,22435.95
2025-07-30 00:00:00.0,14506572540,LIBUSOFT CICOM D.O.O.,Zagreb-Novi Zagreb,1625.00,EUR,,HR99,,,,P,68b2d965-495f-43b7-84cd-260347f5dd0c,,3237,Intelektualne i osobne usluge,1625
2025-06-30 00:00:00.0,14506572540,LIBUSOFT CICOM D.O.O.,Zagreb-Novi Zagreb,22435.95,EUR,,HR99,,,,P,9e543adf-8dd9-45c9-ae8a-53af982a2c6a,,3238,Računalne usluge,22435.95
2025-06-12 00:00:00.0,14506572540,LIBUSOFT CICOM D.O.O.,Zagreb-Novi Zagreb,375.00,EUR,,HR99,,,,P,8e70bcdf-40f7-49af-9b40-9d5754facaac,,3234,Komunalne usluge,375
2025-06-12 00:00:00.0,14506572540,LIBUSOFT CICOM D.O.O.,Zagreb-Novi Zagreb,375.00,EUR,,HR99,,,,P,9deee131-f27c-43ba-87b5-a703313d8c63,,3234,Komunalne usluge,375
2025-06-10 00:00:00.0,14506572540,LIBUSOFT CICOM D.O.O.,Zagreb-Novi Zagreb,22435.95,EUR,,HR99,,,,P,56518f62-11ec-4b7e-a0d3-294b045dea19,,3238,Računalne usluge,22435.95
2025-06-04 00:00:00.0,14506572540,LIBUSOFT CICOM D.O.O.,Zagreb-Novi Zagreb,7875.00,EUR,,HR99,,,,P,7d494f66-8d5c-49ec-8273-8176b24910b7,,3234,Komunalne usluge,7875
2025-05-02 00:00:00.0,14506572540,LIBUSOFT CICOM D.O.O.,Zagreb-Novi Zagreb,22435.95,EUR,,HR99,,,,P,80b3b561-a1ef-4aac-aad1-115a235c18f3,,3238,Računalne usluge,22435.95
2025-04-02 00:00:00.0,14506572540,LIBUSOFT CICOM D.O.O.,Zagreb-Novi Zagreb,22435.95,EUR,,HR99,,,,P,7a8561b8-3f61-4e16-b38a-f439695a98e0,,3238,Računalne usluge,22435.95
2025-03-18 00:00:00.0,14506572540,LIBUSOFT CICOM D.O.O.,Zagreb-Novi Zagreb,1650.00,EUR,,HR99,,,,P,eaff3e2c-d85e-420e-aabb-4797354a46fb,,3213,Stručno usavršavanje zaposlenika,1650
2025-03-11 00:00:00.0,14506572540,LIBUSOFT CICOM D.O.O.,Zagreb-Novi Zagreb,22435.95,EUR,,HR99,,,,P,984daac1-fbf5-4951-bac9-3aa04c40a6a5,,3238,Računalne usluge,22435.95
2025-03-11 00:00:00.0,14506572540,LIBUSOFT CICOM D.O.O.,Zagreb-Novi Zagreb,2812.50,EUR,,HR99,,,,P,98eee8b3-c899-49d9-b0ee-4f0ea52783ca,,3238,Računalne usluge,2812.5
2025-02-14 00:00:00.0,14506572540,LIBUSOFT CICOM D.O.O.,Zagreb-Novi Zagreb,637.50,EUR,,HR99,,,,P,2b0d5c9f-15ca-427d-91af-a6160a4d21d0,,3213,Stručno usavršavanje zaposlenika,637.5
2025-01-21 00:00:00.0,14506572540,LIBUSOFT CICOM D.O.O.,Zagreb-Novi Zagreb,22435.95,EUR,,HR99,,,,P,c39bfa86-48c7-4cad-8acb-11ef6efbea4e,,3238,Računalne usluge,22435.95
2025-01-21 00:00:00.0,14506572540,LIBUSOFT CICOM D.O.O.,Zagreb-Novi Zagreb,22435.95,EUR,,HR99,,,,P,93ab363f-5770-48a8-bc66-e64172e9a4e2,,3238,Računalne usluge,22435.95
2025-01-10 00:00:00.0,14506572540,LIBUSOFT CICOM D.O.O.,Zagreb-Novi Zagreb,22435.95,EUR,,HR99,,,,P,4ae506df-eb31-49e3-967b-da7c873187ea,,3238,Računalne usluge,22435.95
2024-12-19 00:00:00.0,14506572540,LIBUSOFT CICOM D.O.O.,Zagreb-Novi Zagreb,22435.95,EUR,,HR99,,,,P,1fa3b787-4141-407a-8ffe-ee9c2480b919,,3238,Računalne usluge,22435.95
2024-12-19 00:00:00.0,14506572540,LIBUSOFT CICOM D.O.O.,Zagreb-Novi Zagreb,22435.95,EUR,,HR99,,,,P,cd2d6e0a-1442-4efe-95da-12b7e5f5ee11,,3238,Računalne usluge,22435.95
2024-12-18 00:00:00.0,14506572540,LIBUSOFT CICOM D.O.O.,Zagreb-Novi Zagreb,7278.75,EUR,,HR99,,,,P,04df5bc0-1c00-49df-90d3-4a67db6befa7,,3238,Računalne usluge,7278.75
2024-10-29 00:00:00.0,14506572540,LIBUSOFT CICOM D.O.O.,Zagreb-Novi Zagreb,150.00,EUR,,HR99,,,,P,88a50e97-4e16-457c-adba-fcecb527d20a,,3213,Stručno usavršavanje zaposlenika,150
2024-10-21 00:00:00.0,14506572540,LIBUSOFT CICOM D.O.O.,Zagreb-Novi Zagreb,6115.20,EUR,,HR99,,,,P,db8d12b0-9a01-4563-bd0c-343d8b6596a8,,3238,Računalne usluge,6115.2
2024-10-09 00:00:00.0,14506572540,LIBUSOFT CICOM D.O.O.,Zagreb-Novi Zagreb,815.50,EUR,,HR99,,,,P,1e1106d0-b604-490f-bf55-efc70e7a35f0,,3238,Računalne usluge,815.5
2024-09-10 00:00:00.0,14506572540,LIBUSOFT CICOM D.O.O.,Zagreb-Novi Zagreb,6115.20,EUR,,HR99,,,,P,506d36b5-ce53-4bb6-880e-6a859f25cb27,,3238,Računalne usluge,6115.2
2024-09-10 00:00:00.0,14506572540,LIBUSOFT CICOM D.O.O.,Zagreb-Novi Zagreb,815.50,EUR,,HR99,,,,P,4e194511-e0e5-4ccd-809e-e82c709d3d92,,3238,Računalne usluge,815.5
2024-09-10 00:00:00.0,14506572540,LIBUSOFT CICOM D.O.O.,Zagreb-Novi Zagreb,375.00,EUR,,HR99,,,,P,b210798a-3726-47e2-9f7e-101d75d3d4cc,,3238,Računalne usluge,375
2024-08-20 00:00:00.0,14506572540,LIBUSOFT CICOM D.O.O.,Zagreb-Novi Zagreb,6115.20,EUR,,HR99,,,,P,eaafc95a-f84e-4a22-be2e-00c69077e812,,3238,Računalne usluge,6115.2
2024-08-20 00:00:00.0,14506572540,LIBUSOFT CICOM D.O.O.,Zagreb-Novi Zagreb,815.50,EUR,,HR99,,,,P,baea1c8f-939b-49ce-b5a2-be559b49ee51,,3238,Računalne usluge,815.5
2024-07-12 00:00:00.0,14506572540,LIBUSOFT CICOM D.O.O.,Zagreb-Novi Zagreb,2475.00,EUR,,HR99,,,,P,7d3bea7f-6453-46f2-904f-d1b54aec1947,,3213,Stručno usavršavanje zaposlenika,2475
2024-07-04 00:00:00.0,14506572540,LIBUSOFT CICOM D.O.O.,Zagreb-Novi Zagreb,815.50,EUR,,HR99,,,,P,cc54f3a0-5bba-4d7b-883c-e514b2d1a424,,3238,Računalne usluge,815.5
2024-07-04 00:00:00.0,14506572540,LIBUSOFT CICOM D.O.O.,Zagreb-Novi Zagreb,6115.20,EUR,,HR99,,,,P,86b8e953-63e2-440b-b976-75a8329d8e98,,3238,Računalne usluge,6115.2
2024-05-29 00:00:00.0,14506572540,LIBUSOFT CICOM D.O.O.,Zagreb-Novi Zagreb,6115.20,EUR,,HR99,,,,P,abe8a612-5f08-44fa-9942-1bc3167b1655,,3238,Računalne usluge,6115.2
2024-05-29 00:00:00.0,14506572540,LIBUSOFT CICOM D.O.O.,Zagreb-Novi Zagreb,815.50,EUR,,HR99,,,,P,7157f06c-de34-4e01-b38a-9214b983e6ec,,3238,Računalne usluge,815.5
2024-05-21 00:00:00.0,14506572540,LIBUSOFT CICOM D.O.O.,Zagreb-Novi Zagreb,212.50,EUR,,HR99,,,,P,7f044f63-98dc-4946-b0dd-1dd2bafbc724,,3213,Stručno usavršavanje zaposlenika,212.5
2024-05-03 00:00:00.0,14506572540,LIBUSOFT CICOM D.O.O.,Zagreb-Novi Zagreb,6115.20,EUR,,HR99,,,,P,a81d6221-5007-48c2-8c43-dde952beea2f,,3238,Računalne usluge,6115.2
2024-05-03 00:00:00.0,14506572540,LIBUSOFT CICOM D.O.O.,Zagreb-Novi Zagreb,815.50,EUR,,HR99,,,,P,4beb40e9-367d-4415-aa53-b71209b4afd0,,3238,Računalne usluge,815.5
2024-04-05 00:00:00.0,14506572540,LIBUSOFT CICOM D.O.O.,Zagreb-Novi Zagreb,815.50,EUR,,HR99,,,,P,fc52d257-d5cf-460e-9a57-d6bcaede5ed7,,3238,Računalne usluge,815.5
2024-04-05 00:00:00.0,14506572540,LIBUSOFT CICOM D.O.O.,Zagreb-Novi Zagreb,6115.20,EUR,,HR99,,,,P,77ccc8f0-9552-4b90-86a9-430f05a33687,,3238,Računalne usluge,6115.2
2024-02-01 00:00:00.0,14506572540,LIBUSOFT CICOM D.O.O.,Zagreb-Novi Zagreb,6115.20,EUR,,HR99,,,,P,a018993c-1f70-4799-93d8-06adf0960bd6,,3238,Računalne usluge,6115.2
2024-02-01 00:00:00.0,14506572540,LIBUSOFT CICOM D.O.O.,Zagreb-Novi Zagreb,815.50,EUR,,HR99,,,,P,6e48297d-c3ba-48a0-896f-6e98fab40f78,,3238,Računalne usluge,815.5
2024-01-09 00:00:00.0,14506572540,LIBUSOFT CICOM D.O.O.,Zagreb-Novi Zagreb,19410.00,EUR,,HR99,,,,P,707d9274-bf4e-4133-87f5-77a9fb12b788,,3238,Računalne usluge,19410
2024-01-08 00:00:00.0,14506572540,LIBUSOFT CICOM D.O.O.,Zagreb-Novi Zagreb,1400.00,EUR,,HR99,,,,P,9f759ff6-1807-408b-a75c-fb5e273d2af1,,3213,Stručno usavršavanje zaposlenika,1400
2024-01-04 00:00:00.0,14506572540,LIBUSOFT CICOM D.O.O.,Zagreb-Novi Zagreb,6115.20,EUR,,HR99,,,,P,7512141f-fb73-4d80-8514-2153dfade4a8,,3238,Računalne usluge,6115.2
2024-01-04 00:00:00.0,14506572540,LIBUSOFT CICOM D.O.O.,Zagreb-Novi Zagreb,815.50,EUR,,HR99,,,,P,a4d5734d-e029-4e09-9ba3-7a84d8c2c60b,,3238,Računalne usluge,815.5
2023-12-21 00:00:00.0,14506572540,LIBUSOFT CICOM D.O.O.,Zagreb-Novi Zagreb,815.50,EUR,,HR99,,,,P,ea7c543c-d524-440d-bb57-62fb80ca43ba,,3238,Računalne usluge,815.5
2023-12-21 00:00:00.0,14506572540,LIBUSOFT CICOM D.O.O.,Zagreb-Novi Zagreb,6115.20,EUR,,HR99,,,,P,0b2bb0bd-fd15-46e2-996a-406af90b154b,,3238,Računalne usluge,6115.2
2023-12-21 00:00:00.0,14506572540,LIBUSOFT CICOM D.O.O.,Zagreb-Novi Zagreb,6115.20,EUR,,HR99,,,,P,8e783e9d-0e65-4330-a630-7efe3646988a,,3238,Računalne usluge,6115.2
2023-12-21 00:00:00.0,14506572540,LIBUSOFT CICOM D.O.O.,Zagreb-Novi Zagreb,815.50,EUR,,HR99,,,,P,7ca58c4d-fae3-4b1c-86f9-8f022bb921b1,,3238,Računalne usluge,815.5
2023-12-21 00:00:00.0,14506572540,LIBUSOFT CICOM D.O.O.,Zagreb-Novi Zagreb,6115.20,EUR,,HR99,,,,P,e27c42a7-0f53-4603-9c84-99b88b06e39f,,3238,Računalne usluge,6115.2
2023-12-21 00:00:00.0,14506572540,LIBUSOFT CICOM D.O.O.,Zagreb-Novi Zagreb,815.50,EUR,,HR99,,,,P,fa4e2bd4-ceab-4e9e-9ee0-787643d53040,,3238,Računalne usluge,815.5
2023-12-21 00:00:00.0,14506572540,LIBUSOFT CICOM D.O.O.,Zagreb-Novi Zagreb,815.50,EUR,,HR99,,,,P,e2d331ab-8105-4e13-98e0-0ebaff5382c9,,3238,Računalne usluge,815.5
2023-12-06 00:00:00.0,14506572540,LIBUSOFT CICOM D.O.O.,Zagreb-Novi Zagreb,200.00,EUR,,HR99,,,,P,7c4e5144-3350-421b-a8da-824ceace7cbd,,3213,Stručno usavršavanje zaposlenika,200
2023-11-28 00:00:00.0,14506572540,LIBUSOFT CICOM D.O.O.,Zagreb-Novi Zagreb,100.00,EUR,,HR99,,,,P,7d01757a-9cf5-4858-b17a-29ff50ca5d84,,3213,Stručno usavršavanje zaposlenika,100
2023-11-10 00:00:00.0,14506572540,LIBUSOFT CICOM D.O.O.,Zagreb-Novi Zagreb,6115.20,EUR,,HR99,,,,P,fc9edfa5-dba5-40b4-affa-d37b2b460002,,3238,Računalne usluge,6115.2
2023-10-03 00:00:00.0,14506572540,LIBUSOFT CICOM D.O.O.,Zagreb-Novi Zagreb,7133.85,EUR,,HR99,,,,P,4b9c4cee-d0c0-4875-992d-748a22fbe56e,,3238,Računalne usluge,7133.85
2023-09-29 00:00:00.0,14506572540,LIBUSOFT CICOM D.O.O.,Zagreb-Novi Zagreb,11185.01,EUR,,HR99,,,,P,719b9ad9-9935-41f3-b11b-70927ebc6b6a,,3238,Računalne usluge,11185.01
2023-09-25 00:00:00.0,14506572540,LIBUSOFT CICOM D.O.O.,Zagreb-Novi Zagreb,1617.50,EUR,,HR99,,,,P,2b006652-ca25-4526-95d6-f6fafd65d1ce,,3238,Računalne usluge,1617.5
2023-09-01 00:00:00.0,14506572540,LIBUSOFT CICOM D.O.O.,Zagreb-Novi Zagreb,6115.20,EUR,,HR99,,,,P,6c3591f4-f63e-4286-adf3-3fce2c6adb8e,,3238,Računalne usluge,6115.2
2023-08-18 00:00:00.0,14506572540,LIBUSOFT CICOM D.O.O.,Zagreb-Novi Zagreb,75.00,EUR,,HR99,,,,P,ea23c75e-0402-4e26-89f2-b2aafb068df8,,3213,Stručno usavršavanje zaposlenika,75
2023-08-18 00:00:00.0,14506572540,LIBUSOFT CICOM D.O.O.,Zagreb-Novi Zagreb,525.00,EUR,,HR99,,,,P,ff073f30-f7a7-4566-9b55-8cc4982b33e8,,3213,Stručno usavršavanje zaposlenika,525
2023-07-14 00:00:00.0,14506572540,LIBUSOFT CICOM D.O.O.,Zagreb-Novi Zagreb,6115.20,EUR,,HR99,,,,P,7afee9d1-a432-463e-87da-93f36fa7ae4a,,3238,Računalne usluge,6115.2
2023-07-06 00:00:00.0,14506572540,LIBUSOFT CICOM D.O.O.,Zagreb-Novi Zagreb,6115.20,EUR,,HR99,,,,P,2e12c71f-280c-4fda-86e0-fe9e089d732b,,3238,Računalne usluge,6115.2
2023-06-07 00:00:00.0,14506572540,LIBUSOFT CICOM D.O.O.,Zagreb-Novi Zagreb,6115.20,EUR,,HR99,,,,P,b13e9cd7-6cbc-42bf-a2f0-fc67d3990791,,3238,Računalne usluge,6115.2
2023-04-28 00:00:00.0,14506572540,LIBUSOFT CICOM D.O.O.,Zagreb-Novi Zagreb,6115.20,EUR,,HR99,,,,P,6e32d2df-431c-4482-85c3-e878819f8363,,3238,Računalne usluge,6115.2
2023-04-03 00:00:00.0,14506572540,LIBUSOFT CICOM D.O.O.,Zagreb-Novi Zagreb,6115.20,EUR,,HR99,,,,P,3b81cae7-505a-4357-9219-da41acc41d38,,3238,Računalne usluge,6115.2
2023-02-28 00:00:00.0,14506572540,LIBUSOFT CICOM D.O.O.,Zagreb-Novi Zagreb,6115.20,EUR,,HR99,,,,P,bc524e91-4060-4b10-9077-bdb45f6953d8,,3238,Računalne usluge,6115.2
2023-01-30 00:00:00.0,14506572540,LIBUSOFT CICOM D.O.O.,Zagreb-Novi Zagreb,6115.20,EUR,,HR99,,,,P,7eadb962-b6af-46d7-9aa7-5fd36e03b0f2,,3238,Računalne usluge,6115.2
2023-01-16 00:00:00.0,14506572540,LIBUSOFT CICOM D.O.O.,Zagreb-Novi Zagreb,6115.20,EUR,,HR99,,,,P,a85e4021-4487-4bdd-bac6-08643db99a8d,,3238,Računalne usluge,6115.2
2022-12-02 00:00:00.0,14506572540,LIBUSOFT CICOM D.O.O.,Zagreb-Novi Zagreb,46.45,EUR,,HR99,,,,P,6c29ef53-7ca0-438c-9e19-867e395dd54c,,3213,Stručno usavršavanje zaposlenika,46.45
2022-11-30 00:00:00.0,14506572540,LIBUSOFT CICOM D.O.O.,Zagreb-Novi Zagreb,18345.61,EUR,,HR99,,,,P,2d62c408-1478-4989-9f95-43daa0b72576,,3238,Računalne usluge,18345.61
2022-11-29 00:00:00.0,14506572540,LIBUSOFT CICOM D.O.O.,Zagreb-Novi Zagreb,6115.20,EUR,,HR99,,,,P,4a98beef-ac99-4249-ab7e-4960ff9b41f6,,3238,Računalne usluge,6115.2
2022-10-31 00:00:00.0,14506572540,LIBUSOFT CICOM D.O.O.,Zagreb-Novi Zagreb,7133.85,EUR,,HR99,,,,P,9a99eca0-1f12-4360-a953-412faa0116c5,,3238,Računalne usluge,7133.85
2022-10-18 00:00:00.0,14506572540,LIBUSOFT CICOM D.O.O.,Zagreb-Novi Zagreb,123.40,EUR,,HR99,,,,P,d90ddb4a-9163-4160-a879-fdb847418c84,,3238,Računalne usluge,123.4
2022-10-12 00:00:00.0,14506572540,LIBUSOFT CICOM D.O.O.,Zagreb-Novi Zagreb,493.60,EUR,,HR99,,,,P,e36ce4bc-6ac1-4034-a3e9-5c88a17498f2,,3238,Računalne usluge,493.6
2022-07-27 00:00:00.0,14506572540,LIBUSOFT CICOM D.O.O.,Zagreb-Novi Zagreb,6115.20,EUR,,HR99,,,,P,04a45b97-8e74-4b8a-84c1-452a5ba0c864,,3238,Računalne usluge,6115.2
2022-07-27 00:00:00.0,14506572540,LIBUSOFT CICOM D.O.O.,Zagreb-Novi Zagreb,14126.15,EUR,,HR99,,,,P,12a459b0-33b8-4290-8de3-bdddc310711d,,3238,Računalne usluge,14126.15
2022-06-28 00:00:00.0,14506572540,LIBUSOFT CICOM D.O.O.,Zagreb-Novi Zagreb,6115.20,EUR,,HR99,,,,P,1cc30d2b-710b-4d74-801d-7ef0f75c13f7,,3238,Računalne usluge,6115.2
2022-06-08 00:00:00.0,14506572540,LIBUSOFT CICOM D.O.O.,Zagreb-Novi Zagreb,6115.20,EUR,,HR99,,,,P,a339c20d-94d7-41b4-bfee-3263a32c509b,,3238,Računalne usluge,6115.2
2022-05-03 00:00:00.0,14506572540,LIBUSOFT CICOM D.O.O.,Zagreb-Novi Zagreb,6115.20,EUR,,HR99,,,,P,8dc93043-ec53-4b7b-820a-e5e4ed6dc08f,,3238,Računalne usluge,6115.2
2022-04-25 00:00:00.0,14506572540,LIBUSOFT CICOM D.O.O.,Zagreb-Novi Zagreb,6115.20,EUR,,HR99,,,,P,74f10878-a146-44f0-b746-d1ee40b97495,,3238,Računalne usluge,6115.2
2022-03-23 00:00:00.0,14506572540,LIBUSOFT CICOM D.O.O.,Zagreb-Novi Zagreb,2749.85,EUR,,HR99,,,,P,edd16f14-34b1-4ad4-a020-ad574fe0360b,,3238,Računalne usluge,2749.85
2022-03-15 00:00:00.0,14506572540,LIBUSOFT CICOM D.O.O.,Zagreb-Novi Zagreb,323.51,EUR,,HR99,,,,P,7db458d0-eb08-483c-81d0-b5418e46dbfa,,3238,Računalne usluge,323.51
2022-03-01 00:00:00.0,14506572540,LIBUSOFT CICOM D.O.O.,Zagreb-Novi Zagreb,89289.27,EUR,,HR99,,,,P,0a3312c7-3e89-4024-b62a-8c349c6fd008,,3238,Računalne usluge,89289.27
2022-02-18 00:00:00.0,14506572540,LIBUSOFT CICOM D.O.O.,Zagreb-Novi Zagreb,75987.13,EUR,,HR99,,,,P,87b72e47-34c4-4c24-aa0e-74b862eaf6ea,,3238,Računalne usluge,75987.13
2021-07-13 00:00:00.0,14506572540,LIBUSOFT CICOM D.O.O.,Zagreb-Novi Zagreb,15180.17,EUR,,HR99,,,,P,ef246f5e-610e-4c69-b132-6301e196a84a,,4123,Licence,15180.17
2021-07-12 00:00:00.0,14506572540,LIBUSOFT CICOM D.O.O.,Zagreb-Novi Zagreb,15180.17,EUR,,HR99,,,,P,eede3423-97b1-4649-9566-543ec351fe06,,4123,Licence,15180.17
2021-07-12 00:00:00.0,14506572540,LIBUSOFT CICOM D.O.O.,Zagreb-Novi Zagreb,15180.17,EUR,,HR99,,,,P,792d3200-3c90-4b66-af95-808e75daccce,,4123,Licence,15180.17
2021-06-28 00:00:00.0,14506572540,LIBUSOFT CICOM D.O.O.,Zagreb-Novi Zagreb,66.36,EUR,,HR99,,,,P,2a6dba5d-2502-4e84-aa78-7e28bffcebdc,,3213,Stručno usavršavanje zaposlenika,66.36
2021-05-20 00:00:00.0,14506572540,LIBUSOFT CICOM D.O.O.,Zagreb-Novi Zagreb,15180.17,EUR,,HR99,,,,P,b00d38f2-a1ed-4206-8e1a-a3cb54776a7d,,4123,Licence,15180.17
2021-05-20 00:00:00.0,14506572540,LIBUSOFT CICOM D.O.O.,Zagreb-Novi Zagreb,15180.17,EUR,,HR99,,,,P,14e71195-4f53-4daf-a66d-0dcd55135e64,,4123,Licence,15180.17
2021-04-01 00:00:00.0,14506572540,LIBUSOFT CICOM D.O.O.,Zagreb-Novi Zagreb,15180.17,EUR,,HR99,,,,P,37edf6f1-7a6b-4460-86b8-d506a0ee3b8b,,4123,Licence,15180.17
2021-04-01 00:00:00.0,14506572540,LIBUSOFT CICOM D.O.O.,Zagreb-Novi Zagreb,6619.55,EUR,,HR99,,,,P,17fe86eb-3dad-4c38-a73a-8c6cdc62c438,,3238,Računalne usluge,6619.55
2021-04-01 00:00:00.0,14506572540,LIBUSOFT CICOM D.O.O.,Zagreb-Novi Zagreb,15180.17,EUR,,HR99,,,,P,b35579df-5b36-4dad-b56a-0bf604a6ff88,,4123,Licence,15180.17
2021-01-08 00:00:00.0,14506572540,LIBUSOFT CICOM D.O.O.,Zagreb-Novi Zagreb,1529.42,EUR,,HR99,,,,P,09d0c965-91f8-4f75-83cb-918e035de7d3,,3231,"Usluge telefona, pošte i prijevoza",1529.42
2021-01-08 00:00:00.0,14506572540,LIBUSOFT CICOM D.O.O.,Zagreb-Novi Zagreb,15180.17,EUR,,HR99,,,,P,c16198c5-ee90-4910-95e0-ae6182bac5be,,3238,Računalne usluge,15180.17
